{"cameraMode":{"drawMode":0,"name":"Shaded","section":"Shading Mode"},"sceneLighting":false,"audioPlay":false,"sceneViewState":{"m_AlwaysRefresh":false,"showFog":false,"showSkybox":false,"showFlares":false,"showImageEffects":true,"showParticleSystems":true,"showVisualEffectGraphs":true,"m_FxEnabled":false},"in2DMode":false,"pivot":{"x":6.509997367858887,"y":-5.247262477874756,"z":9.658802032470704},"rotation":{"x":0.041339848190546039,"y":0.04794091731309891,"z":-0.0019812891259789469,"w":0.9980145692825317},"size":0.8660253882408142,"orthographic":false}