{"cameraMode":{"drawMode":0,"name":"Shaded","section":"Shading Mode"},"sceneLighting":false,"audioPlay":false,"sceneViewState":{"m_AlwaysRefresh":false,"showFog":false,"showSkybox":false,"showFlares":false,"showImageEffects":true,"showParticleSystems":true,"showVisualEffectGraphs":true,"m_FxEnabled":false},"in2DMode":false,"pivot":{"x":-0.20000147819519044,"y":0.4999999701976776,"z":-0.4645751118659973},"rotation":{"x":0.28000789880752566,"y":-0.007204527501016855,"z":0.0021015119273215534,"w":0.9599704742431641},"size":0.720833957195282,"orthographic":false}