{"cameraMode":{"drawMode":0,"name":"Shaded","section":"Shading Mode"},"sceneLighting":false,"audioPlay":false,"sceneViewState":{"m_AlwaysRefresh":false,"showFog":false,"showSkybox":false,"showFlares":false,"showImageEffects":true,"showParticleSystems":true,"showVisualEffectGraphs":true,"m_FxEnabled":false},"in2DMode":false,"pivot":{"x":-0.6307461261749268,"y":-0.15002340078353883,"z":-0.8003747463226318},"rotation":{"x":0.28000789880752566,"y":-0.007204527501016855,"z":0.0021015119273215534,"w":0.9599704742431641},"size":0.8660255670547485,"orthographic":false}